<?xml version="1.0" encoding="UTF-8"?>
<metadata xml:lang="en"><Esri><CreaDate>20211105</CreaDate><CreaTime>15584800</CreaTime><ArcGISFormat>1.0</ArcGISFormat><SyncOnce>TRUE</SyncOnce><DataProperties><lineage><Process ToolSource="c:\program files\arcgis\pro\Resources\ArcToolbox\Toolboxes\Data Management Tools.tbx\Rename" Date="20211105" Time="155848">Rename "F:\Connectivity\outputs\02_SDMs\MCPs\Myioborus flavivertex_mcp_10km.shp" "F:\Connectivity\outputs\02_SDMs\MCPs\Myioborus flavivertex_mcp_10km_thin1km.shp" ShapeFile</Process></lineage></DataProperties></Esri></metadata>
